# title1,title2, title3, title4, title5
0.187715,0.964177,0.586595,0.528601,0.604801
0.250550,0.556886,0.579385,0.397114,0.931726
0.620738,0.888732,0.857945,0.802169,0.831343
0.816141,0.514152,0.420935,0.251358,0.308706
0.734329,0.731976,0.964509,0.257839,0.165012
0.910449,0.071146,0.503329,0.843637,0.226470
0.556800,0.290037,0.130116,0.045812,0.517402
0.573100,0.150946,0.362655,0.545463,0.458539
0.220292,0.750344,0.309128,0.525266,0.993040
0.041014,0.734097,0.214503,0.957972,0.905853
0.191815,0.218901,0.212953,0.720386,0.629835
0.332059,0.406402,0.951408,0.440514,0.977317
0.845012,0.787139,0.459808,0.520507,0.461741
0.499068,0.286818,0.735994,0.517544,0.676303
0.185954,0.627128,0.862477,0.312700,0.635041
0.641423,0.676173,0.407539,0.625923,0.026165
0.677506,0.299061,0.620225,0.463993,0.026227
0.932530,0.213205,0.987209,0.392508,0.093637
0.823610,0.974470,0.689440,0.055385,0.269575
0.019430,0.706185,0.606563,0.252467,0.867742
0.240337,0.115143,0.906787,0.112800,0.331975
0.532722,0.590192,0.097906,0.778657,0.146040
0.428948,0.969274,0.827421,0.266156,0.526641
0.782677,0.078817,0.235414,0.131315,0.019090
0.251668,0.565374,0.672414,0.671515,0.922237
0.265860,0.771290,0.534178,0.720938,0.912953
0.834307,0.311446,0.691610,0.457560,0.737081
0.532743,0.914338,0.635325,0.669887,0.127264
0.969677,0.382460,0.594828,0.976042,0.477451
0.929434,0.484123,0.836654,0.460654,0.703733
0.046211,0.092277,0.620534,0.073234,0.745425
0.366282,0.204496,0.956383,0.813467,0.124841
0.930189,0.570164,0.527648,0.529775,0.708985
0.666717,0.810929,0.547214,0.530222,0.565445
0.631867,0.839679,0.766074,0.016862,0.935456
0.060901,0.883731,0.489701,0.019894,0.007232
0.484373,0.119544,0.077428,0.138939,0.704812
0.977835,0.762711,0.831643,0.527973,0.300915
0.978579,0.913423,0.465477,0.199995,0.809453
0.748164,0.096007,0.382840,0.936578,0.559125
0.441777,0.935479,0.831809,0.213730,0.498304
0.928336,0.694360,0.527264,0.402512,0.917513
0.729973,0.821745,0.986748,0.240169,0.521876
0.811750,0.641124,0.759552,0.994010,0.542684
0.765735,0.914877,0.161504,0.492002,0.029325
0.028513,0.773823,0.079048,0.454429,0.344910
0.372574,0.694827,0.178082,0.874147,0.568759
0.945045,0.081568,0.693827,0.798811,0.815355
0.825141,0.958877,0.052817,0.703176,0.195495
0.880104,0.274382,0.782665,0.416667,0.025958
0.834399,0.379203,0.554964,0.582037,0.950782
0.968361,0.344192,0.965378,0.028959,0.867448
0.963277,0.540593,0.260177,0.109331,0.598157
0.701211,0.752533,0.966927,0.395207,0.766043
0.164929,0.951338,0.875355,0.367848,0.600179
0.499298,0.795713,0.734635,0.551048,0.932491
0.926291,0.249170,0.999984,0.694824,0.880707
0.885661,0.233548,0.924993,0.621622,0.486747
0.643680,0.204973,0.144290,0.616046,0.069891
0.361819,0.226854,0.245701,0.847947,0.191522
0.617710,0.767409,0.126095,0.653703,0.976317
0.669711,0.280450,0.387763,0.972254,0.159344
0.316355,0.469223,0.920487,0.136508,0.776553
0.128476,0.773550,0.736837,0.474928,0.526702
0.285217,0.118271,0.589009,0.950478,0.728305
0.325446,0.481710,0.373047,0.060019,0.342782
0.274107,0.809374,0.118112,0.039494,0.062044
0.064955,0.565112,0.643245,0.377754,0.629548
0.478166,0.327818,0.215818,0.075783,0.358495
0.777685,0.773662,0.725220,0.949444,0.822954
0.433333,0.075952,0.620035,0.115093,0.882536
0.199629,0.339216,0.628264,0.758890,0.414969
0.241014,0.763032,0.388114,0.685587,0.474072
0.190694,0.485419,0.766448,0.228911,0.813132
0.969294,0.855618,0.185147,0.852345,0.467671
0.533048,0.360763,0.859337,0.919233,0.736666
0.498804,0.998489,0.467746,0.096800,0.589032
0.935185,0.364043,0.507866,0.957076,0.661526
0.322837,0.350181,0.848109,0.710056,0.104223
0.636561,0.776714,0.674417,0.771217,0.848620
0.551335,0.494072,0.957297,0.236045,0.359628
0.862097,0.661998,0.302516,0.260455,0.001671
0.828632,0.096621,0.810391,0.760085,0.113845
0.902434,0.240138,0.024194,0.877120,0.253647
0.978221,0.717725,0.861250,0.943233,0.592879
0.580354,0.962853,0.998970,0.302947,0.157039
0.580801,0.978445,0.462026,0.509991,0.063473
0.685565,0.909614,0.907341,0.205491,0.833226
0.080073,0.965868,0.565498,0.738454,0.582027
0.469809,0.807731,0.610772,0.913997,0.422091
0.548788,0.668495,0.638256,0.766345,0.940579
0.302188,0.558168,0.818134,0.545261,0.838144
0.992354,0.053597,0.160671,0.568165,0.673878
0.645487,0.453425,0.130999,0.173531,0.971470
0.363394,0.342080,0.222599,0.923267,0.417860
0.072651,0.726683,0.442859,0.062986,0.728043
0.400542,0.703071,0.035637,0.224532,0.776760
0.163157,0.567388,0.219851,0.596736,0.438589
0.432786,0.829398,0.073001,0.036020,0.600922
0.949229,0.919082,0.359155,0.955255,0.672862
